t,alpha,zoo,family,fingerprint,n_ne,n_components,max_ne_coop,n_coop_components,full_coop_exists,n_stable_faces,moran_ss,realized_coop
0.0,0.0,body,behavioral,4646208ebc75,100,1,1.0,1,True,0,—,1.0
0.2,0.0,body,behavioral,4646208ebc75,100,1,1.0,1,True,0,—,1.0
0.4,0.0,body,behavioral,4646208ebc75,100,1,1.0,1,True,0,—,1.0
0.6,0.0,body,behavioral,4646208ebc75,100,1,1.0,1,True,0,—,1.0
0.8,0.0,body,behavioral,4646208ebc75,100,1,1.0,1,True,0,—,1.0
1.0,0.0,body,behavioral,4646208ebc75,100,1,1.0,1,True,0,—,1.0
0.0,0.3,body,behavioral,335dcfbdb5f1,53,2,1.0,1,True,0,Def+Dup+OB,0.64159
0.2,0.3,body,behavioral,17a0f87577c1,20,2,1.0,1,True,0,Def+Dup,0.786653
0.4,0.3,body,behavioral,1cf1a683528b,13,2,1.0,1,True,4,Dup,0.8762439999999999
0.6,0.3,body,behavioral,6834f939325e,21,3,1.0,2,True,8,Dup,0.942296
0.8,0.3,body,behavioral,3e68620cd1cf,21,3,1.0,2,True,6,Dup,0.942636
1.0,0.3,body,behavioral,3e68620cd1cf,21,3,1.0,2,True,6,Dup,0.942636
0.0,0.45,body,behavioral,0589b43d45a5,9,1,0.0,0,False,0,Def+Dup+OB,0.0
0.2,0.45,body,behavioral,ac2617b8818d,8,2,1.0,1,True,5,Dup,0.9352309999999999
0.4,0.45,body,behavioral,6834f939325e,21,3,1.0,2,True,8,Dup,0.942296
0.6,0.45,body,behavioral,3e68620cd1cf,21,3,1.0,2,True,6,Dup,0.942636
0.8,0.45,body,behavioral,3e68620cd1cf,21,3,1.0,2,True,6,Dup,0.942636
1.0,0.45,body,behavioral,3e68620cd1cf,21,3,1.0,2,True,6,Dup,0.942636
0.0,0.62,body,behavioral,dd7f6ef7d6d2,25,1,0.0,0,False,0,Cup+Def+Dup+EB+OB,0.0
0.2,0.62,body,behavioral,8b123fc8e6dc,9,1,0.0,0,False,2,Dup+OB,0.006513
0.4,0.62,body,behavioral,53e3c19359ed,8,2,1.0,1,True,6,Dup,0.976082
0.6,0.62,body,behavioral,3e68620cd1cf,21,3,1.0,2,True,6,Dup,0.942636
0.8,0.62,body,behavioral,3e68620cd1cf,21,3,1.0,2,True,6,Dup,0.942636
1.0,0.62,body,behavioral,3e68620cd1cf,21,3,1.0,2,True,6,Dup,0.942636
0.0,0.8,body,behavioral,1761ebc2cf84,64,1,0.0,0,False,0,—,0.0
0.2,0.8,body,behavioral,c9d8b4614737,25,1,0.0,0,False,2,Def+Dup+OB,0.001686
0.4,0.8,body,behavioral,e292d278a43f,121,1,0.0,0,False,4,Dup+OB,0.015673
0.6,0.8,body,behavioral,f06190b89746,8,2,1.0,1,True,11,Dup,0.96942
0.8,0.8,body,behavioral,3e68620cd1cf,21,3,1.0,2,True,6,Dup,0.942636
1.0,0.8,body,behavioral,3e68620cd1cf,21,3,1.0,2,True,6,Dup,0.942636
0.0,1.0,body,behavioral,f5cab66f807b,81,1,0.0,0,False,0,—,0.0
0.2,1.0,body,behavioral,f5cab66f807b,81,1,0.0,0,False,0,—,0.0
0.4,1.0,body,behavioral,f5cab66f807b,81,1,0.0,0,False,0,—,0.0
0.6,1.0,body,behavioral,f5cab66f807b,81,1,0.0,0,False,0,—,0.0
0.8,1.0,body,behavioral,f5cab66f807b,81,1,0.0,0,False,0,—,0.0
1.0,1.0,body,behavioral,3e68620cd1cf,21,3,1.0,2,True,6,Dup,0.942636
0.0,0.0,body,syntactic,4646208ebc75,100,1,1.0,1,True,0,—,1.0
0.2,0.0,body,syntactic,4646208ebc75,100,1,1.0,1,True,0,—,1.0
0.4,0.0,body,syntactic,4646208ebc75,100,1,1.0,1,True,0,—,1.0
0.6,0.0,body,syntactic,4646208ebc75,100,1,1.0,1,True,0,—,1.0
0.8,0.0,body,syntactic,4646208ebc75,100,1,1.0,1,True,0,—,1.0
1.0,0.0,body,syntactic,4646208ebc75,100,1,1.0,1,True,0,—,1.0
0.0,0.3,body,syntactic,a8e58c0078c8,4,1,0.0,0,False,0,Def,0.012796
0.2,0.3,body,syntactic,b9176df77573,13,2,1.0,1,True,1,Dup,0.924852
0.4,0.3,body,syntactic,4c0fe0a9464d,29,2,1.0,1,True,5,Dup,0.943395
0.6,0.3,body,syntactic,6834f939325e,21,3,1.0,2,True,8,Dup,0.942296
0.8,0.3,body,syntactic,3e68620cd1cf,21,3,1.0,2,True,6,Dup,0.942636
1.0,0.3,body,syntactic,3e68620cd1cf,21,3,1.0,2,True,6,Dup,0.942636
0.0,0.45,body,syntactic,0589b43d45a5,9,1,0.0,0,False,0,Def+Dup+OB,0.0
0.2,0.45,body,syntactic,d1b06c628baa,30,3,1.0,2,True,2,Dup,0.926109
0.4,0.45,body,syntactic,6834f939325e,21,3,1.0,2,True,8,Dup,0.942296
0.6,0.45,body,syntactic,3e68620cd1cf,21,3,1.0,2,True,6,Dup,0.942636
0.8,0.45,body,syntactic,3e68620cd1cf,21,3,1.0,2,True,6,Dup,0.942636
1.0,0.45,body,syntactic,3e68620cd1cf,21,3,1.0,2,True,6,Dup,0.942636
0.0,0.62,body,syntactic,dd7f6ef7d6d2,25,1,0.0,0,False,0,Cup+Def+Dup+EB+OB,0.0
0.2,0.62,body,syntactic,4f54b525288c,9,1,0.0,0,False,2,Dup+OB,0.00654
0.4,0.62,body,syntactic,3fc0a43be3f1,21,3,1.0,2,True,4,Dup,0.922496
0.6,0.62,body,syntactic,3e68620cd1cf,21,3,1.0,2,True,6,Dup,0.942636
0.8,0.62,body,syntactic,3e68620cd1cf,21,3,1.0,2,True,6,Dup,0.942636
1.0,0.62,body,syntactic,3e68620cd1cf,21,3,1.0,2,True,6,Dup,0.942636
0.0,0.8,body,syntactic,1761ebc2cf84,64,1,0.0,0,False,0,—,0.0
0.2,0.8,body,syntactic,0792726f07bc,10,2,1.0,1,True,3,EB,1.0
0.4,0.8,body,syntactic,fde3ac52cec2,9,1,0.0,0,False,4,Dup+OB,0.008368
0.6,0.8,body,syntactic,9125beb8d6eb,13,2,0.6111111111111112,1,False,6,Def,0.285691
0.8,0.8,body,syntactic,3e68620cd1cf,21,3,1.0,2,True,6,Dup,0.942636
1.0,0.8,body,syntactic,3e68620cd1cf,21,3,1.0,2,True,6,Dup,0.942636
0.0,1.0,body,syntactic,f5cab66f807b,81,1,0.0,0,False,0,—,0.0
0.2,1.0,body,syntactic,f5cab66f807b,81,1,0.0,0,False,0,—,0.0
0.4,1.0,body,syntactic,f5cab66f807b,81,1,0.0,0,False,0,—,0.0
0.6,1.0,body,syntactic,f5cab66f807b,81,1,0.0,0,False,0,—,0.0
0.8,1.0,body,syntactic,f5cab66f807b,81,1,0.0,0,False,0,—,0.0
1.0,1.0,body,syntactic,3e68620cd1cf,21,3,1.0,2,True,6,Dup,0.942636
0.0,0.0,body+twins,behavioral,f7df4db66078,144,1,1.0,1,True,0,—,0.9999960000000001
0.2,0.0,body+twins,behavioral,f7df4db66078,144,1,1.0,1,True,0,—,0.9999960000000001
0.4,0.0,body+twins,behavioral,f7df4db66078,144,1,1.0,1,True,0,—,0.9999960000000001
0.6,0.0,body+twins,behavioral,f7df4db66078,144,1,1.0,1,True,0,—,0.9999960000000001
0.8,0.0,body+twins,behavioral,f7df4db66078,144,1,1.0,1,True,0,—,0.9999960000000001
1.0,0.0,body+twins,behavioral,f7df4db66078,144,1,1.0,1,True,0,—,0.9999960000000001
0.0,0.3,body+twins,behavioral,68f53b781581,9,1,0.0,0,False,0,Def+OB+Pru,0.0
0.2,0.3,body+twins,behavioral,a8a7b69d7a34,80,2,1.0,1,True,0,CIM+Dup,0.876999
0.4,0.3,body+twins,behavioral,79aa5b935d57,80,2,1.0,1,True,4,CIM+Dup,0.944508
0.6,0.3,body+twins,behavioral,5e939f5bdcca,80,2,1.0,1,True,8,CIM+Dup,0.942999
0.8,0.3,body+twins,behavioral,077ccc54b8a2,80,2,1.0,1,True,6,CIM+Dup,0.9434239999999999
1.0,0.3,body+twins,behavioral,f3e66e570e00,80,2,1.0,1,True,6,CIM+Dup,0.9494859999999999
0.0,0.45,body+twins,behavioral,596dd0e9580c,25,1,0.0,0,False,0,CIM+Def+Dup+OB+Pru,0.0
0.2,0.45,body+twins,behavioral,fb199f0332c5,32,2,1.0,1,True,5,CIM+Dup,0.9781920000000001
0.4,0.45,body+twins,behavioral,5e939f5bdcca,80,2,1.0,1,True,8,CIM+Dup,0.942999
0.6,0.45,body+twins,behavioral,077ccc54b8a2,80,2,1.0,1,True,6,CIM+Dup,0.9434239999999999
0.8,0.45,body+twins,behavioral,077ccc54b8a2,80,2,1.0,1,True,6,CIM+Dup,0.9434239999999999
1.0,0.45,body+twins,behavioral,f3e66e570e00,80,2,1.0,1,True,6,CIM+Dup,0.9494859999999999
0.0,0.62,body+twins,behavioral,596dd0e9580c,25,1,0.0,0,False,0,CIM+Def+Dup+OB+Pru,0.0
0.2,0.62,body+twins,behavioral,8001ec15fe4e,13,2,1.0,1,True,2,CIM+Dup,1.0
0.4,0.62,body+twins,behavioral,6e57c8255e97,32,2,1.0,1,True,6,CIM+Dup,0.98341
0.6,0.62,body+twins,behavioral,cd41b8a9f0ad,81,3,1.0,2,True,6,CIM+Dup,0.9588890000000001
0.8,0.62,body+twins,behavioral,cd41b8a9f0ad,81,3,1.0,2,True,6,CIM+Dup,0.9588890000000001
1.0,0.62,body+twins,behavioral,f3e66e570e00,80,2,1.0,1,True,6,CIM+Dup,0.9494859999999999
0.0,0.8,body+twins,behavioral,dabbd1a3162d,100,1,0.0,0,False,0,—,0.0
0.2,0.8,body+twins,behavioral,2e8ec4080b92,25,1,0.0,0,False,0,CIM+Dup,0.013677
0.4,0.8,body+twins,behavioral,68f442c576a6,18,2,1.0,1,True,2,CIM+Dup+TFT,0.9924769999999999
0.6,0.8,body+twins,behavioral,76371da7d6fb,25,2,1.0,1,True,11,CIM+Dup+TFT,0.994317
0.8,0.8,body+twins,behavioral,cd41b8a9f0ad,81,3,1.0,2,True,6,CIM+Dup,0.9588890000000001
1.0,0.8,body+twins,behavioral,f3e66e570e00,80,2,1.0,1,True,6,CIM+Dup,0.9494859999999999
0.0,1.0,body+twins,behavioral,9e838945e70a,121,1,0.0,0,False,0,—,0.0
0.2,1.0,body+twins,behavioral,9e838945e70a,121,1,0.0,0,False,0,—,0.0
0.4,1.0,body+twins,behavioral,9e838945e70a,121,1,0.0,0,False,0,—,0.0
0.6,1.0,body+twins,behavioral,9e838945e70a,121,1,0.0,0,False,0,—,0.0
0.8,1.0,body+twins,behavioral,9e838945e70a,121,1,0.0,0,False,0,—,0.0
1.0,1.0,body+twins,behavioral,f3e66e570e00,80,2,1.0,1,True,6,CIM+Dup,0.9494859999999999
0.0,0.0,body+twins,syntactic,f7df4db66078,144,1,1.0,1,True,0,—,0.9999960000000001
0.2,0.0,body+twins,syntactic,f7df4db66078,144,1,1.0,1,True,0,—,0.9999960000000001
0.4,0.0,body+twins,syntactic,f7df4db66078,144,1,1.0,1,True,0,—,0.9999960000000001
0.6,0.0,body+twins,syntactic,f7df4db66078,144,1,1.0,1,True,0,—,0.9999960000000001
0.8,0.0,body+twins,syntactic,f7df4db66078,144,1,1.0,1,True,0,—,0.9999960000000001
1.0,0.0,body+twins,syntactic,f7df4db66078,144,1,1.0,1,True,0,—,0.9999960000000001
0.0,0.3,body+twins,syntactic,68f53b781581,9,1,0.0,0,False,0,Def+OB+Pru,0.0
0.2,0.3,body+twins,syntactic,db73ab5819d7,52,2,1.0,1,True,1,CIM+Dup,0.9323819999999999
0.4,0.3,body+twins,syntactic,0cdc71d073ec,52,2,1.0,1,True,5,CIM+Dup,0.936389
0.6,0.3,body+twins,syntactic,ee207f993047,80,2,1.0,1,True,8,CIM+Dup,0.949244
0.8,0.3,body+twins,syntactic,f3e66e570e00,80,2,1.0,1,True,6,CIM+Dup,0.9494859999999999
1.0,0.3,body+twins,syntactic,f3e66e570e00,80,2,1.0,1,True,6,CIM+Dup,0.9494859999999999
0.0,0.45,body+twins,syntactic,596dd0e9580c,25,1,0.0,0,False,0,CIM+Def+Dup+OB+Pru,0.0
0.2,0.45,body+twins,syntactic,7e8d3a416bc4,52,2,1.0,1,True,2,CIM+Dup,0.931725
0.4,0.45,body+twins,syntactic,ee207f993047,80,2,1.0,1,True,8,CIM+Dup,0.949244
0.6,0.45,body+twins,syntactic,f3e66e570e00,80,2,1.0,1,True,6,CIM+Dup,0.9494859999999999
0.8,0.45,body+twins,syntactic,f3e66e570e00,80,2,1.0,1,True,6,CIM+Dup,0.9494859999999999
1.0,0.45,body+twins,syntactic,f3e66e570e00,80,2,1.0,1,True,6,CIM+Dup,0.9494859999999999
0.0,0.62,body+twins,syntactic,596dd0e9580c,25,1,0.0,0,False,0,CIM+Def+Dup+OB+Pru,0.0
0.2,0.62,body+twins,syntactic,fba3d0b8d893,81,1,0.0,0,False,6,OB+Pru,0.035172999999999996
0.4,0.62,body+twins,syntactic,1771e29237cf,80,2,1.0,1,True,4,CIM+Dup,0.939257
0.6,0.62,body+twins,syntactic,f3e66e570e00,80,2,1.0,1,True,6,CIM+Dup,0.9494859999999999
0.8,0.62,body+twins,syntactic,f3e66e570e00,80,2,1.0,1,True,6,CIM+Dup,0.9494859999999999
1.0,0.62,body+twins,syntactic,f3e66e570e00,80,2,1.0,1,True,6,CIM+Dup,0.9494859999999999
0.0,0.8,body+twins,syntactic,dabbd1a3162d,100,1,0.0,0,False,0,—,0.0
0.2,0.8,body+twins,syntactic,564b7b36bd0d,25,1,0.0,0,False,3,CIM+Dup+OB+Pru,0.004106
0.4,0.8,body+twins,syntactic,e6ab26a6bdb4,81,1,0.0,0,False,18,OB+Pru,0.01974
0.6,0.8,body+twins,syntactic,98134a3b2b71,64,1,0.0,0,False,8,Def+Pru,0.131824
0.8,0.8,body+twins,syntactic,f3e66e570e00,80,2,1.0,1,True,6,CIM+Dup,0.9494859999999999
1.0,0.8,body+twins,syntactic,f3e66e570e00,80,2,1.0,1,True,6,CIM+Dup,0.9494859999999999
0.0,1.0,body+twins,syntactic,9e838945e70a,121,1,0.0,0,False,0,—,0.0
0.2,1.0,body+twins,syntactic,9e838945e70a,121,1,0.0,0,False,0,—,0.0
0.4,1.0,body+twins,syntactic,9e838945e70a,121,1,0.0,0,False,0,—,0.0
0.6,1.0,body+twins,syntactic,9e838945e70a,121,1,0.0,0,False,0,—,0.0
0.8,1.0,body+twins,syntactic,9e838945e70a,121,1,0.0,0,False,0,—,0.0
1.0,1.0,body+twins,syntactic,f3e66e570e00,80,2,1.0,1,True,6,CIM+Dup,0.9494859999999999
0.0,0.0,body+twins+natives,behavioral,d2be5f067353,196,1,1.0,1,True,0,—,1.0000060000000002
0.2,0.0,body+twins+natives,behavioral,d2be5f067353,196,1,1.0,1,True,0,—,1.0000060000000002
0.4,0.0,body+twins+natives,behavioral,d2be5f067353,196,1,1.0,1,True,0,—,1.0000060000000002
0.6,0.0,body+twins+natives,behavioral,d2be5f067353,196,1,1.0,1,True,0,—,1.0000060000000002
0.8,0.0,body+twins+natives,behavioral,d2be5f067353,196,1,1.0,1,True,0,—,1.0000060000000002
1.0,0.0,body+twins+natives,behavioral,d2be5f067353,196,1,1.0,1,True,0,—,1.0000060000000002
0.0,0.3,body+twins+natives,behavioral,1a1aec1164b4,16,1,0.0,0,False,0,Def+Max+OB+Pru,0.0
0.2,0.3,body+twins+natives,behavioral,5ea2e8c4841d,64,1,0.0,0,False,0,Def+Max+Pru,0.265911
0.4,0.3,body+twins+natives,behavioral,f39097b39f8a,36,1,0.0,0,False,6,Def+Pru+TFT,0.476529
0.6,0.3,body+twins+natives,behavioral,72a1f9b42042,36,1,0.0,0,False,10,Def+Pru+TFT,0.467305
0.8,0.3,body+twins+natives,behavioral,b0781aac0b37,36,1,0.0,0,False,8,Def+Pru+TFT,0.463431
1.0,0.3,body+twins+natives,behavioral,6dc149db6632,272,2,1.0,1,True,6,CIM+Dup+Max+Min,0.974782
0.0,0.45,body+twins+natives,behavioral,30393625b4e5,36,1,0.0,0,False,0,CIM+Def+Dup+Max+OB+Pru,0.0
0.2,0.45,body+twins+natives,behavioral,63f32f623a38,36,1,0.0,0,False,2,Max,0.040012
0.4,0.45,body+twins+natives,behavioral,72a1f9b42042,36,1,0.0,0,False,10,Def+Pru+TFT,0.467305
0.6,0.45,body+twins+natives,behavioral,b0781aac0b37,36,1,0.0,0,False,8,Def+Pru+TFT,0.463431
0.8,0.45,body+twins+natives,behavioral,b0781aac0b37,36,1,0.0,0,False,8,Def+Pru+TFT,0.463431
1.0,0.45,body+twins+natives,behavioral,6dc149db6632,272,2,1.0,1,True,6,CIM+Dup+Max+Min,0.974782
0.0,0.62,body+twins+natives,behavioral,30393625b4e5,36,1,0.0,0,False,0,CIM+Def+Dup+Max+OB+Pru,0.0
0.2,0.62,body+twins+natives,behavioral,e129ca2434ac,16,1,0.0,0,False,2,Max,0.038123
0.4,0.62,body+twins+natives,behavioral,0d7eb635b640,36,1,0.0,0,False,6,Max,0.041406
0.6,0.62,body+twins+natives,behavioral,9a8ce6b51813,40,2,0.6111111111111112,1,False,8,Max+TFT,0.585031
0.8,0.62,body+twins+natives,behavioral,9a8ce6b51813,40,2,0.6111111111111112,1,False,8,Max+TFT,0.585031
1.0,0.62,body+twins+natives,behavioral,6dc149db6632,272,2,1.0,1,True,6,CIM+Dup+Max+Min,0.974782
0.0,0.8,body+twins+natives,behavioral,c2b7c4a9bd2f,121,1,0.0,0,False,0,—,0.0
0.2,0.8,body+twins+natives,behavioral,c0004e05b196,36,1,0.0,0,False,1,CIM+Dup+Max,0.011295
0.4,0.8,body+twins+natives,behavioral,a711576af05a,16,1,0.0,0,False,2,Max,0.040551
0.6,0.8,body+twins+natives,behavioral,f93ea72b4a56,33,2,1.0,1,True,11,TFT,0.938065
0.8,0.8,body+twins+natives,behavioral,9a8ce6b51813,40,2,0.6111111111111112,1,False,8,Max+TFT,0.585031
1.0,0.8,body+twins+natives,behavioral,6dc149db6632,272,2,1.0,1,True,6,CIM+Dup+Max+Min,0.974782
0.0,1.0,body+twins+natives,behavioral,28ca9e478fb9,169,1,0.0,0,False,0,—,0.0
0.2,1.0,body+twins+natives,behavioral,28ca9e478fb9,169,1,0.0,0,False,0,—,0.0
0.4,1.0,body+twins+natives,behavioral,28ca9e478fb9,169,1,0.0,0,False,0,—,0.0
0.6,1.0,body+twins+natives,behavioral,28ca9e478fb9,169,1,0.0,0,False,0,—,0.0
0.8,1.0,body+twins+natives,behavioral,01e563a4396d,121,1,0.0,0,False,0,Def+OB+Pru,0.0
1.0,1.0,body+twins+natives,behavioral,6dc149db6632,272,2,1.0,1,True,6,CIM+Dup+Max+Min,0.974782
0.0,0.0,body+twins+natives,epsilon,d2be5f067353,196,1,1.0,1,True,0,—,1.0000060000000002
0.2,0.0,body+twins+natives,epsilon,d2be5f067353,196,1,1.0,1,True,0,—,1.0000060000000002
0.4,0.0,body+twins+natives,epsilon,d2be5f067353,196,1,1.0,1,True,0,—,1.0000060000000002
0.6,0.0,body+twins+natives,epsilon,d2be5f067353,196,1,1.0,1,True,0,—,1.0000060000000002
0.8,0.0,body+twins+natives,epsilon,d2be5f067353,196,1,1.0,1,True,0,—,1.0000060000000002
1.0,0.0,body+twins+natives,epsilon,d2be5f067353,196,1,1.0,1,True,0,—,1.0000060000000002
0.0,0.3,body+twins+natives,epsilon,1a1aec1164b4,16,1,0.0,0,False,0,Def+Max+OB+Pru,0.0
0.2,0.3,body+twins+natives,epsilon,5133d3155119,160,2,1.0,1,True,0,CIM+Dup+Max,0.920029
0.4,0.3,body+twins+natives,epsilon,e8c4a57c4e5d,241,2,1.0,1,True,3,CIM+Dup+Max,0.943389
0.6,0.3,body+twins+natives,epsilon,6dc149db6632,272,2,1.0,1,True,6,CIM+Dup+Max+Min,0.974782
0.8,0.3,body+twins+natives,epsilon,6dc149db6632,272,2,1.0,1,True,6,CIM+Dup+Max+Min,0.974782
1.0,0.3,body+twins+natives,epsilon,6dc149db6632,272,2,1.0,1,True,6,CIM+Dup+Max+Min,0.974782
0.0,0.45,body+twins+natives,epsilon,30393625b4e5,36,1,0.0,0,False,0,CIM+Def+Dup+Max+OB+Pru,0.0
0.2,0.45,body+twins+natives,epsilon,ac0f8dda988b,36,1,0.0,0,False,3,Max,0.040019
0.4,0.45,body+twins+natives,epsilon,6dc149db6632,272,2,1.0,1,True,6,CIM+Dup+Max+Min,0.974782
0.6,0.45,body+twins+natives,epsilon,6dc149db6632,272,2,1.0,1,True,6,CIM+Dup+Max+Min,0.974782
0.8,0.45,body+twins+natives,epsilon,6dc149db6632,272,2,1.0,1,True,6,CIM+Dup+Max+Min,0.974782
1.0,0.45,body+twins+natives,epsilon,6dc149db6632,272,2,1.0,1,True,6,CIM+Dup+Max+Min,0.974782
0.0,0.62,body+twins+natives,epsilon,30393625b4e5,36,1,0.0,0,False,0,CIM+Def+Dup+Max+OB+Pru,0.0
0.2,0.62,body+twins+natives,epsilon,13bceaab1f68,16,1,0.0,0,False,2,Max,0.040049999999999995
0.4,0.62,body+twins+natives,epsilon,6dc149db6632,272,2,1.0,1,True,6,CIM+Dup+Max+Min,0.974782
0.6,0.62,body+twins+natives,epsilon,6dc149db6632,272,2,1.0,1,True,6,CIM+Dup+Max+Min,0.974782
0.8,0.62,body+twins+natives,epsilon,6dc149db6632,272,2,1.0,1,True,6,CIM+Dup+Max+Min,0.974782
1.0,0.62,body+twins+natives,epsilon,6dc149db6632,272,2,1.0,1,True,6,CIM+Dup+Max+Min,0.974782
0.0,0.8,body+twins+natives,epsilon,c2b7c4a9bd2f,121,1,0.0,0,False,0,—,0.0
0.2,0.8,body+twins+natives,epsilon,b3215a5e65eb,36,1,0.0,0,False,2,CIM+Dup+Max,0.010929000000000001
0.4,0.8,body+twins+natives,epsilon,b3215a5e65eb,36,1,0.0,0,False,2,CIM+Dup+Max,0.010929000000000001
0.6,0.8,body+twins+natives,epsilon,2e5b71550b3d,36,1,0.0,0,False,6,Max,0.040936
0.8,0.8,body+twins+natives,epsilon,6dc149db6632,272,2,1.0,1,True,6,CIM+Dup+Max+Min,0.974782
1.0,0.8,body+twins+natives,epsilon,6dc149db6632,272,2,1.0,1,True,6,CIM+Dup+Max+Min,0.974782
0.0,1.0,body+twins+natives,epsilon,28ca9e478fb9,169,1,0.0,0,False,0,—,0.0
0.2,1.0,body+twins+natives,epsilon,28ca9e478fb9,169,1,0.0,0,False,0,—,0.0
0.4,1.0,body+twins+natives,epsilon,28ca9e478fb9,169,1,0.0,0,False,0,—,0.0
0.6,1.0,body+twins+natives,epsilon,28ca9e478fb9,169,1,0.0,0,False,0,—,0.0
0.8,1.0,body+twins+natives,epsilon,28ca9e478fb9,169,1,0.0,0,False,0,—,0.0
1.0,1.0,body+twins+natives,epsilon,6dc149db6632,272,2,1.0,1,True,6,CIM+Dup+Max+Min,0.974782
