t,alpha,zoo,family,fingerprint,run,n_types,is_fully_proven,n_pure_ess,edges_strict,n_sccs,n_cycles,n_supports,n_stable_faces,n_extreme_ne,n_ne_components,n_attractors,largest_basin,dominant_support,moran_ss,moran_population,moran_beta
1.0,0.0,body,behavioral,4646208ebc75,body_t100_a000_4646208ebc75,10,True,0,0,10,0,1013,0,100,1,18,0.935323,Coop+Cup+CupT+DB+DIM+Def+Dup+EB+OB+TFT,—,100,1.0
1.0,0.3,body,behavioral,3e68620cd1cf,body_t100_a030_3e68620cd1cf,10,True,0,33,3,39,1013,6,21,3,13,0.950249,Coop+Dup+TFT,Dup,100,1.0
1.0,0.45,body,behavioral,3e68620cd1cf,body_t100_a030_3e68620cd1cf,10,True,0,33,3,39,1013,6,21,3,13,0.950249,Coop+Dup+TFT,Dup,100,1.0
1.0,0.62,body,behavioral,3e68620cd1cf,body_t100_a030_3e68620cd1cf,10,True,0,33,3,39,1013,6,21,3,13,0.950249,Coop+Dup+TFT,Dup,100,1.0
1.0,0.8,body,behavioral,3e68620cd1cf,body_t100_a030_3e68620cd1cf,10,True,0,33,3,39,1013,6,21,3,13,0.950249,Coop+Dup+TFT,Dup,100,1.0
1.0,1.0,body,behavioral,3e68620cd1cf,body_t100_a030_3e68620cd1cf,10,True,0,33,3,39,1013,6,21,3,13,0.950249,Coop+Dup+TFT,Dup,100,1.0
0.8,0.0,body,behavioral,4646208ebc75,body_t100_a000_4646208ebc75,10,True,0,0,10,0,1013,0,100,1,18,0.935323,Coop+Cup+CupT+DB+DIM+Def+Dup+EB+OB+TFT,—,100,1.0
0.8,0.3,body,behavioral,3e68620cd1cf,body_t100_a030_3e68620cd1cf,10,True,0,33,3,39,1013,6,21,3,13,0.950249,Coop+Dup+TFT,Dup,100,1.0
0.8,0.45,body,behavioral,3e68620cd1cf,body_t100_a030_3e68620cd1cf,10,True,0,33,3,39,1013,6,21,3,13,0.950249,Coop+Dup+TFT,Dup,100,1.0
0.8,0.62,body,behavioral,3e68620cd1cf,body_t100_a030_3e68620cd1cf,10,True,0,33,3,39,1013,6,21,3,13,0.950249,Coop+Dup+TFT,Dup,100,1.0
0.8,0.8,body,behavioral,3e68620cd1cf,body_t100_a030_3e68620cd1cf,10,True,0,33,3,39,1013,6,21,3,13,0.950249,Coop+Dup+TFT,Dup,100,1.0
0.8,1.0,body,behavioral,f5cab66f807b,body_t080_a100_f5cab66f807b,10,True,0,9,10,0,1013,0,81,1,17,0.965174,Cup+CupT+DB+DIM+Def+Dup+EB+OB+TFT,—,100,1.0
0.6,0.0,body,behavioral,4646208ebc75,body_t100_a000_4646208ebc75,10,True,0,0,10,0,1013,0,100,1,18,0.935323,Coop+Cup+CupT+DB+DIM+Def+Dup+EB+OB+TFT,—,100,1.0
0.6,0.3,body,behavioral,6834f939325e,body_t060_a030_6834f939325e,10,True,0,34,3,69,1013,8,21,3,13,0.945274,Coop+Dup+TFT,Dup,100,1.0
0.6,0.45,body,behavioral,3e68620cd1cf,body_t100_a030_3e68620cd1cf,10,True,0,33,3,39,1013,6,21,3,13,0.950249,Coop+Dup+TFT,Dup,100,1.0
0.6,0.62,body,behavioral,3e68620cd1cf,body_t100_a030_3e68620cd1cf,10,True,0,33,3,39,1013,6,21,3,13,0.950249,Coop+Dup+TFT,Dup,100,1.0
0.6,0.8,body,behavioral,f06190b89746,body_t060_a080_f06190b89746,10,True,0,35,3,114,1013,11,8,2,11,0.995025,Dup+TFT,Dup,100,1.0
0.6,1.0,body,behavioral,f5cab66f807b,body_t080_a100_f5cab66f807b,10,True,0,9,10,0,1013,0,81,1,17,0.965174,Cup+CupT+DB+DIM+Def+Dup+EB+OB+TFT,—,100,1.0
0.4,0.0,body,behavioral,4646208ebc75,body_t100_a000_4646208ebc75,10,True,0,0,10,0,1013,0,100,1,18,0.935323,Coop+Cup+CupT+DB+DIM+Def+Dup+EB+OB+TFT,—,100,1.0
0.4,0.3,body,behavioral,1cf1a683528b,body_t040_a030_1cf1a683528b,10,True,0,34,5,8,1013,4,13,2,13,0.820896,Coop+Dup+TFT,Dup,100,1.0
0.4,0.45,body,behavioral,6834f939325e,body_t060_a030_6834f939325e,10,True,0,34,3,69,1013,8,21,3,13,0.945274,Coop+Dup+TFT,Dup,100,1.0
0.4,0.62,body,behavioral,53e3c19359ed,body_t040_a062_53e3c19359ed,10,True,0,34,3,39,1013,6,8,2,11,0.995025,Dup+TFT,Dup,100,1.0
0.4,0.8,body,behavioral,e292d278a43f,body_t040_a080_e292d278a43f,10,True,0,32,5,16,1013,4,121,1,14,0.835821,Cup+DIM+Def+Dup+OB,Dup+OB,100,1.0
0.4,1.0,body,behavioral,f5cab66f807b,body_t080_a100_f5cab66f807b,10,True,0,9,10,0,1013,0,81,1,17,0.965174,Cup+CupT+DB+DIM+Def+Dup+EB+OB+TFT,—,100,1.0
0.2,0.0,body,behavioral,4646208ebc75,body_t100_a000_4646208ebc75,10,True,0,0,10,0,1013,0,100,1,18,0.935323,Coop+Cup+CupT+DB+DIM+Def+Dup+EB+OB+TFT,—,100,1.0
0.2,0.3,body,behavioral,17a0f87577c1,body_t020_a030_17a0f87577c1,10,True,0,18,10,0,1013,0,20,2,15,0.636816,Coop+CupT+Dup+TFT,Def+Dup,100,1.0
0.2,0.45,body,behavioral,ac2617b8818d,body_t020_a045_ac2617b8818d,10,True,0,31,4,26,1013,5,8,2,11,0.905473,Dup+TFT,Dup,100,1.0
0.2,0.62,body,behavioral,8b123fc8e6dc,body_t020_a062_8b123fc8e6dc,10,True,0,36,6,6,1013,2,9,1,12,0.975124,Def+Dup+OB,Dup+OB,100,1.0
0.2,0.8,body,behavioral,c9d8b4614737,body_t020_a080_c9d8b4614737,10,True,0,27,8,2,1013,2,25,1,15,0.900498,Cup+DIM+Def+Dup+OB,Def+Dup+OB,100,1.0
0.2,1.0,body,behavioral,f5cab66f807b,body_t080_a100_f5cab66f807b,10,True,0,9,10,0,1013,0,81,1,17,0.965174,Cup+CupT+DB+DIM+Def+Dup+EB+OB+TFT,—,100,1.0
0.0,0.0,body,behavioral,4646208ebc75,body_t100_a000_4646208ebc75,10,True,0,0,10,0,1013,0,100,1,18,0.935323,Coop+Cup+CupT+DB+DIM+Def+Dup+EB+OB+TFT,—,100,1.0
0.0,0.3,body,behavioral,335dcfbdb5f1,body_t000_a030_335dcfbdb5f1,10,True,0,15,10,0,1013,0,53,2,37,0.472637,Coop+CupT+DB+DIM+Dup+EB+TFT,Def+Dup+OB,100,1.0
0.0,0.45,body,behavioral,0589b43d45a5,body_t000_a045_0589b43d45a5,10,True,0,21,10,0,1013,0,9,1,11,1.0,Def+Dup+OB,Def+Dup+OB,100,1.0
0.0,0.62,body,behavioral,dd7f6ef7d6d2,body_t000_a062_dd7f6ef7d6d2,10,True,0,25,10,0,1013,0,25,1,14,0.985075,Cup+Def+Dup+EB+OB,Cup+Def+Dup+EB+OB,100,1.0
0.0,0.8,body,behavioral,1761ebc2cf84,body_t000_a080_1761ebc2cf84,10,True,0,16,10,0,1013,0,64,1,16,0.970149,Cup+DB+DIM+Def+Dup+EB+OB+TFT,—,100,1.0
0.0,1.0,body,behavioral,f5cab66f807b,body_t080_a100_f5cab66f807b,10,True,0,9,10,0,1013,0,81,1,17,0.965174,Cup+CupT+DB+DIM+Def+Dup+EB+OB+TFT,—,100,1.0
1.0,0.0,body,syntactic,4646208ebc75,body_syntactic_t100_a000_4646208ebc75,10,True,0,0,10,0,1013,0,100,1,18,0.935323,Coop+Cup+CupT+DB+DIM+Def+Dup+EB+OB+TFT,—,100,1.0
1.0,0.3,body,syntactic,3e68620cd1cf,body_syntactic_t100_a030_3e68620cd1cf,10,True,0,33,3,39,1013,6,21,3,13,0.950249,Coop+Dup+TFT,Dup,100,1.0
1.0,0.45,body,syntactic,3e68620cd1cf,body_syntactic_t100_a030_3e68620cd1cf,10,True,0,33,3,39,1013,6,21,3,13,0.950249,Coop+Dup+TFT,Dup,100,1.0
1.0,0.62,body,syntactic,3e68620cd1cf,body_syntactic_t100_a030_3e68620cd1cf,10,True,0,33,3,39,1013,6,21,3,13,0.950249,Coop+Dup+TFT,Dup,100,1.0
1.0,0.8,body,syntactic,3e68620cd1cf,body_syntactic_t100_a030_3e68620cd1cf,10,True,0,33,3,39,1013,6,21,3,13,0.950249,Coop+Dup+TFT,Dup,100,1.0
1.0,1.0,body,syntactic,3e68620cd1cf,body_syntactic_t100_a030_3e68620cd1cf,10,True,0,33,3,39,1013,6,21,3,13,0.950249,Coop+Dup+TFT,Dup,100,1.0
0.8,0.0,body,syntactic,4646208ebc75,body_syntactic_t100_a000_4646208ebc75,10,True,0,0,10,0,1013,0,100,1,18,0.935323,Coop+Cup+CupT+DB+DIM+Def+Dup+EB+OB+TFT,—,100,1.0
0.8,0.3,body,syntactic,3e68620cd1cf,body_syntactic_t100_a030_3e68620cd1cf,10,True,0,33,3,39,1013,6,21,3,13,0.950249,Coop+Dup+TFT,Dup,100,1.0
0.8,0.45,body,syntactic,3e68620cd1cf,body_syntactic_t100_a030_3e68620cd1cf,10,True,0,33,3,39,1013,6,21,3,13,0.950249,Coop+Dup+TFT,Dup,100,1.0
0.8,0.62,body,syntactic,3e68620cd1cf,body_syntactic_t100_a030_3e68620cd1cf,10,True,0,33,3,39,1013,6,21,3,13,0.950249,Coop+Dup+TFT,Dup,100,1.0
0.8,0.8,body,syntactic,3e68620cd1cf,body_syntactic_t100_a030_3e68620cd1cf,10,True,0,33,3,39,1013,6,21,3,13,0.950249,Coop+Dup+TFT,Dup,100,1.0
0.8,1.0,body,syntactic,f5cab66f807b,body_syntactic_t080_a100_f5cab66f807b,10,True,0,9,10,0,1013,0,81,1,17,0.965174,Cup+CupT+DB+DIM+Def+Dup+EB+OB+TFT,—,100,1.0
0.6,0.0,body,syntactic,4646208ebc75,body_syntactic_t100_a000_4646208ebc75,10,True,0,0,10,0,1013,0,100,1,18,0.935323,Coop+Cup+CupT+DB+DIM+Def+Dup+EB+OB+TFT,—,100,1.0
0.6,0.3,body,syntactic,6834f939325e,body_syntactic_t060_a030_6834f939325e,10,True,0,34,3,69,1013,8,21,3,13,0.945274,Coop+Dup+TFT,Dup,100,1.0
0.6,0.45,body,syntactic,3e68620cd1cf,body_syntactic_t100_a030_3e68620cd1cf,10,True,0,33,3,39,1013,6,21,3,13,0.950249,Coop+Dup+TFT,Dup,100,1.0
0.6,0.62,body,syntactic,3e68620cd1cf,body_syntactic_t100_a030_3e68620cd1cf,10,True,0,33,3,39,1013,6,21,3,13,0.950249,Coop+Dup+TFT,Dup,100,1.0
0.6,0.8,body,syntactic,9125beb8d6eb,body_syntactic_t060_a080_9125beb8d6eb,10,True,0,35,2,39,1013,6,13,2,12,0.99005,Def+Dup+OB,Def,100,1.0
0.6,1.0,body,syntactic,f5cab66f807b,body_syntactic_t080_a100_f5cab66f807b,10,True,0,9,10,0,1013,0,81,1,17,0.965174,Cup+CupT+DB+DIM+Def+Dup+EB+OB+TFT,—,100,1.0
0.4,0.0,body,syntactic,4646208ebc75,body_syntactic_t100_a000_4646208ebc75,10,True,0,0,10,0,1013,0,100,1,18,0.935323,Coop+Cup+CupT+DB+DIM+Def+Dup+EB+OB+TFT,—,100,1.0
0.4,0.3,body,syntactic,4c0fe0a9464d,body_syntactic_t040_a030_4c0fe0a9464d,10,True,0,29,4,11,1013,5,29,2,12,0.960199,Coop+Dup+TFT,Dup,100,1.0
0.4,0.45,body,syntactic,6834f939325e,body_syntactic_t060_a030_6834f939325e,10,True,0,34,3,69,1013,8,21,3,13,0.945274,Coop+Dup+TFT,Dup,100,1.0
0.4,0.62,body,syntactic,3fc0a43be3f1,body_syntactic_t040_a062_3fc0a43be3f1,10,True,0,33,3,22,1013,4,21,3,13,0.885572,Coop+Dup+TFT,Dup,100,1.0
0.4,0.8,body,syntactic,fde3ac52cec2,body_syntactic_t040_a080_fde3ac52cec2,10,True,0,35,5,17,1013,4,9,1,13,0.960199,Def+Dup+OB,Dup+OB,100,1.0
0.4,1.0,body,syntactic,f5cab66f807b,body_syntactic_t080_a100_f5cab66f807b,10,True,0,9,10,0,1013,0,81,1,17,0.965174,Cup+CupT+DB+DIM+Def+Dup+EB+OB+TFT,—,100,1.0
0.2,0.0,body,syntactic,4646208ebc75,body_syntactic_t100_a000_4646208ebc75,10,True,0,0,10,0,1013,0,100,1,18,0.935323,Coop+Cup+CupT+DB+DIM+Def+Dup+EB+OB+TFT,—,100,1.0
0.2,0.3,body,syntactic,b9176df77573,body_syntactic_t020_a030_b9176df77573,10,True,0,20,8,1,1013,1,13,2,13,0.855721,Coop+Dup+TFT,Dup,100,1.0
0.2,0.45,body,syntactic,d1b06c628baa,body_syntactic_t020_a045_d1b06c628baa,10,True,0,30,6,3,1013,2,30,3,13,0.885572,Coop+Dup+TFT,Dup,100,1.0
0.2,0.62,body,syntactic,4f54b525288c,body_syntactic_t020_a062_4f54b525288c,10,True,0,36,6,7,1013,2,9,1,12,0.975124,Def+Dup+OB,Dup+OB,100,1.0
0.2,0.8,body,syntactic,0792726f07bc,body_syntactic_t020_a080_0792726f07bc,10,True,1,29,5,8,1013,3,10,2,10,1.0,EB,EB,100,1.0
0.2,1.0,body,syntactic,f5cab66f807b,body_syntactic_t080_a100_f5cab66f807b,10,True,0,9,10,0,1013,0,81,1,17,0.965174,Cup+CupT+DB+DIM+Def+Dup+EB+OB+TFT,—,100,1.0
0.0,0.0,body,syntactic,4646208ebc75,body_syntactic_t100_a000_4646208ebc75,10,True,0,0,10,0,1013,0,100,1,18,0.935323,Coop+Cup+CupT+DB+DIM+Def+Dup+EB+OB+TFT,—,100,1.0
0.0,0.3,body,syntactic,a8e58c0078c8,body_syntactic_t000_a030_a8e58c0078c8,10,True,0,20,10,0,1013,0,4,1,11,0.995025,Def+OB,Def,100,1.0
0.0,0.45,body,syntactic,0589b43d45a5,body_syntactic_t000_a045_0589b43d45a5,10,True,0,21,10,0,1013,0,9,1,11,1.0,Def+Dup+OB,Def+Dup+OB,100,1.0
0.0,0.62,body,syntactic,dd7f6ef7d6d2,body_syntactic_t000_a062_dd7f6ef7d6d2,10,True,0,25,10,0,1013,0,25,1,14,0.985075,Cup+Def+Dup+EB+OB,Cup+Def+Dup+EB+OB,100,1.0
0.0,0.8,body,syntactic,1761ebc2cf84,body_syntactic_t000_a080_1761ebc2cf84,10,True,0,16,10,0,1013,0,64,1,16,0.970149,Cup+DB+DIM+Def+Dup+EB+OB+TFT,—,100,1.0
0.0,1.0,body,syntactic,f5cab66f807b,body_syntactic_t080_a100_f5cab66f807b,10,True,0,9,10,0,1013,0,81,1,17,0.965174,Cup+CupT+DB+DIM+Def+Dup+EB+OB+TFT,—,100,1.0
1.0,0.0,body+twins,behavioral,f7df4db66078,body+twins_t100_a000_f7df4db66078,12,True,0,0,12,0,4083,0,144,1,26,0.870647,CIM+Coop+Cup+CupT+DB+DIM+Def+Dup+EB+OB+Pru+TFT,—,100,1.0
1.0,0.3,body+twins,behavioral,f3e66e570e00,body+twins_t100_a030_f3e66e570e00,12,True,0,44,5,39,4083,6,80,2,17,0.9801,CIM+Coop+Dup+TFT,CIM+Dup,100,1.0
1.0,0.45,body+twins,behavioral,f3e66e570e00,body+twins_t100_a030_f3e66e570e00,12,True,0,44,5,39,4083,6,80,2,17,0.9801,CIM+Coop+Dup+TFT,CIM+Dup,100,1.0
1.0,0.62,body+twins,behavioral,f3e66e570e00,body+twins_t100_a030_f3e66e570e00,12,True,0,44,5,39,4083,6,80,2,17,0.9801,CIM+Coop+Dup+TFT,CIM+Dup,100,1.0
1.0,0.8,body+twins,behavioral,f3e66e570e00,body+twins_t100_a030_f3e66e570e00,12,True,0,44,5,39,4083,6,80,2,17,0.9801,CIM+Coop+Dup+TFT,CIM+Dup,100,1.0
1.0,1.0,body+twins,behavioral,f3e66e570e00,body+twins_t100_a030_f3e66e570e00,12,True,0,44,5,39,4083,6,80,2,17,0.9801,CIM+Coop+Dup+TFT,CIM+Dup,100,1.0
0.8,0.0,body+twins,behavioral,f7df4db66078,body+twins_t100_a000_f7df4db66078,12,True,0,0,12,0,4083,0,144,1,26,0.870647,CIM+Coop+Cup+CupT+DB+DIM+Def+Dup+EB+OB+Pru+TFT,—,100,1.0
0.8,0.3,body+twins,behavioral,077ccc54b8a2,body+twins_t080_a030_077ccc54b8a2,12,True,0,47,5,39,4083,6,80,2,17,0.9801,CIM+Coop+Dup+TFT,CIM+Dup,100,1.0
0.8,0.45,body+twins,behavioral,077ccc54b8a2,body+twins_t080_a030_077ccc54b8a2,12,True,0,47,5,39,4083,6,80,2,17,0.9801,CIM+Coop+Dup+TFT,CIM+Dup,100,1.0
0.8,0.62,body+twins,behavioral,cd41b8a9f0ad,body+twins_t080_a062_cd41b8a9f0ad,12,True,0,41,5,39,4083,6,81,3,17,0.9801,CIM+Coop+Dup+TFT,CIM+Dup,100,1.0
0.8,0.8,body+twins,behavioral,cd41b8a9f0ad,body+twins_t080_a062_cd41b8a9f0ad,12,True,0,41,5,39,4083,6,81,3,17,0.9801,CIM+Coop+Dup+TFT,CIM+Dup,100,1.0
0.8,1.0,body+twins,behavioral,9e838945e70a,body+twins_t080_a100_9e838945e70a,12,True,0,11,12,0,4083,0,121,1,24,0.905473,CIM+Cup+CupT+DB+DIM+Def+Dup+EB+OB+Pru+TFT,—,100,1.0
0.6,0.0,body+twins,behavioral,f7df4db66078,body+twins_t100_a000_f7df4db66078,12,True,0,0,12,0,4083,0,144,1,26,0.870647,CIM+Coop+Cup+CupT+DB+DIM+Def+Dup+EB+OB+Pru+TFT,—,100,1.0
0.6,0.3,body+twins,behavioral,5e939f5bdcca,body+twins_t060_a030_5e939f5bdcca,12,True,0,48,5,69,4083,8,80,2,17,0.9801,CIM+Coop+Dup+TFT,CIM+Dup,100,1.0
0.6,0.45,body+twins,behavioral,077ccc54b8a2,body+twins_t080_a030_077ccc54b8a2,12,True,0,47,5,39,4083,6,80,2,17,0.9801,CIM+Coop+Dup+TFT,CIM+Dup,100,1.0
0.6,0.62,body+twins,behavioral,cd41b8a9f0ad,body+twins_t080_a062_cd41b8a9f0ad,12,True,0,41,5,39,4083,6,81,3,17,0.9801,CIM+Coop+Dup+TFT,CIM+Dup,100,1.0
0.6,0.8,body+twins,behavioral,76371da7d6fb,body+twins_t060_a080_76371da7d6fb,12,True,0,43,6,65,4083,11,25,2,15,0.99005,CIM+Dup+TFT,CIM+Dup+TFT,100,1.0
0.6,1.0,body+twins,behavioral,9e838945e70a,body+twins_t080_a100_9e838945e70a,12,True,0,11,12,0,4083,0,121,1,24,0.905473,CIM+Cup+CupT+DB+DIM+Def+Dup+EB+OB+Pru+TFT,—,100,1.0
0.4,0.0,body+twins,behavioral,f7df4db66078,body+twins_t100_a000_f7df4db66078,12,True,0,0,12,0,4083,0,144,1,26,0.870647,CIM+Coop+Cup+CupT+DB+DIM+Def+Dup+EB+OB+Pru+TFT,—,100,1.0
0.4,0.3,body+twins,behavioral,79aa5b935d57,body+twins_t040_a030_79aa5b935d57,12,True,0,40,7,8,4083,4,80,2,17,0.975124,CIM+Coop+Dup+TFT,CIM+Dup,100,1.0
0.4,0.45,body+twins,behavioral,5e939f5bdcca,body+twins_t060_a030_5e939f5bdcca,12,True,0,48,5,69,4083,8,80,2,17,0.9801,CIM+Coop+Dup+TFT,CIM+Dup,100,1.0
0.4,0.62,body+twins,behavioral,6e57c8255e97,body+twins_t040_a062_6e57c8255e97,12,True,0,43,5,39,4083,6,32,2,15,0.99005,CIM+Dup+TFT,CIM+Dup,100,1.0
0.4,0.8,body+twins,behavioral,68f442c576a6,body+twins_t040_a080_68f442c576a6,12,True,0,40,10,2,4083,2,18,2,15,0.99005,CIM+Dup+TFT,CIM+Dup+TFT,100,1.0
0.4,1.0,body+twins,behavioral,9e838945e70a,body+twins_t080_a100_9e838945e70a,12,True,0,11,12,0,4083,0,121,1,24,0.905473,CIM+Cup+CupT+DB+DIM+Def+Dup+EB+OB+Pru+TFT,—,100,1.0
0.2,0.0,body+twins,behavioral,f7df4db66078,body+twins_t100_a000_f7df4db66078,12,True,0,0,12,0,4083,0,144,1,26,0.870647,CIM+Coop+Cup+CupT+DB+DIM+Def+Dup+EB+OB+Pru+TFT,—,100,1.0
0.2,0.3,body+twins,behavioral,a8a7b69d7a34,body+twins_t020_a030_a8a7b69d7a34,12,True,0,29,12,0,4083,0,80,2,19,0.825871,CIM+Coop+CupT+Dup+TFT,CIM+Dup,100,1.0
0.2,0.45,body+twins,behavioral,fb199f0332c5,body+twins_t020_a045_fb199f0332c5,12,True,0,43,6,18,4083,5,32,2,15,0.99005,CIM+Dup+TFT,CIM+Dup,100,1.0
0.2,0.62,body+twins,behavioral,8001ec15fe4e,body+twins_t020_a062_8001ec15fe4e,12,True,0,52,8,6,4083,2,13,2,13,0.995025,CIM+Dup,CIM+Dup,100,1.0
0.2,0.8,body+twins,behavioral,2e8ec4080b92,body+twins_t020_a080_2e8ec4080b92,12,True,0,34,12,0,4083,0,25,1,18,0.945274,CIM+Def+Dup+OB+Pru,CIM+Dup,100,1.0
0.2,1.0,body+twins,behavioral,9e838945e70a,body+twins_t080_a100_9e838945e70a,12,True,0,11,12,0,4083,0,121,1,24,0.905473,CIM+Cup+CupT+DB+DIM+Def+Dup+EB+OB+Pru+TFT,—,100,1.0
0.0,0.0,body+twins,behavioral,f7df4db66078,body+twins_t100_a000_f7df4db66078,12,True,0,0,12,0,4083,0,144,1,26,0.870647,CIM+Coop+Cup+CupT+DB+DIM+Def+Dup+EB+OB+Pru+TFT,—,100,1.0
0.0,0.3,body+twins,behavioral,68f53b781581,body+twins_t000_a030_68f53b781581,12,True,0,27,12,0,4083,0,9,1,13,1.0,Def+OB+Pru,Def+OB+Pru,100,1.0
0.0,0.45,body+twins,behavioral,596dd0e9580c,body+twins_t000_a045_596dd0e9580c,12,True,0,35,12,0,4083,0,25,1,15,0.985075,CIM+Def+Dup+OB+Pru,CIM+Def+Dup+OB+Pru,100,1.0
0.0,0.62,body+twins,behavioral,596dd0e9580c,body+twins_t000_a045_596dd0e9580c,12,True,0,35,12,0,4083,0,25,1,15,0.985075,CIM+Def+Dup+OB+Pru,CIM+Def+Dup+OB+Pru,100,1.0
0.0,0.8,body+twins,behavioral,dabbd1a3162d,body+twins_t000_a080_dabbd1a3162d,12,True,0,20,12,0,4083,0,100,1,23,0.915423,CIM+Cup+DB+DIM+Def+Dup+EB+OB+Pru+TFT,—,100,1.0
0.0,1.0,body+twins,behavioral,9e838945e70a,body+twins_t080_a100_9e838945e70a,12,True,0,11,12,0,4083,0,121,1,24,0.905473,CIM+Cup+CupT+DB+DIM+Def+Dup+EB+OB+Pru+TFT,—,100,1.0
1.0,0.0,body+twins,syntactic,f7df4db66078,body+twins_syntactic_t100_a000_f7df4db66078,12,True,0,0,12,0,4083,0,144,1,26,0.870647,CIM+Coop+Cup+CupT+DB+DIM+Def+Dup+EB+OB+Pru+TFT,—,100,1.0
1.0,0.3,body+twins,syntactic,f3e66e570e00,body+twins_syntactic_t100_a030_f3e66e570e00,12,True,0,44,5,39,4083,6,80,2,17,0.9801,CIM+Coop+Dup+TFT,CIM+Dup,100,1.0
1.0,0.45,body+twins,syntactic,f3e66e570e00,body+twins_syntactic_t100_a030_f3e66e570e00,12,True,0,44,5,39,4083,6,80,2,17,0.9801,CIM+Coop+Dup+TFT,CIM+Dup,100,1.0
1.0,0.62,body+twins,syntactic,f3e66e570e00,body+twins_syntactic_t100_a030_f3e66e570e00,12,True,0,44,5,39,4083,6,80,2,17,0.9801,CIM+Coop+Dup+TFT,CIM+Dup,100,1.0
1.0,0.8,body+twins,syntactic,f3e66e570e00,body+twins_syntactic_t100_a030_f3e66e570e00,12,True,0,44,5,39,4083,6,80,2,17,0.9801,CIM+Coop+Dup+TFT,CIM+Dup,100,1.0
1.0,1.0,body+twins,syntactic,f3e66e570e00,body+twins_syntactic_t100_a030_f3e66e570e00,12,True,0,44,5,39,4083,6,80,2,17,0.9801,CIM+Coop+Dup+TFT,CIM+Dup,100,1.0
0.8,0.0,body+twins,syntactic,f7df4db66078,body+twins_syntactic_t100_a000_f7df4db66078,12,True,0,0,12,0,4083,0,144,1,26,0.870647,CIM+Coop+Cup+CupT+DB+DIM+Def+Dup+EB+OB+Pru+TFT,—,100,1.0
0.8,0.3,body+twins,syntactic,f3e66e570e00,body+twins_syntactic_t100_a030_f3e66e570e00,12,True,0,44,5,39,4083,6,80,2,17,0.9801,CIM+Coop+Dup+TFT,CIM+Dup,100,1.0
0.8,0.45,body+twins,syntactic,f3e66e570e00,body+twins_syntactic_t100_a030_f3e66e570e00,12,True,0,44,5,39,4083,6,80,2,17,0.9801,CIM+Coop+Dup+TFT,CIM+Dup,100,1.0
0.8,0.62,body+twins,syntactic,f3e66e570e00,body+twins_syntactic_t100_a030_f3e66e570e00,12,True,0,44,5,39,4083,6,80,2,17,0.9801,CIM+Coop+Dup+TFT,CIM+Dup,100,1.0
0.8,0.8,body+twins,syntactic,f3e66e570e00,body+twins_syntactic_t100_a030_f3e66e570e00,12,True,0,44,5,39,4083,6,80,2,17,0.9801,CIM+Coop+Dup+TFT,CIM+Dup,100,1.0
0.8,1.0,body+twins,syntactic,9e838945e70a,body+twins_syntactic_t080_a100_9e838945e70a,12,True,0,11,12,0,4083,0,121,1,24,0.905473,CIM+Cup+CupT+DB+DIM+Def+Dup+EB+OB+Pru+TFT,—,100,1.0
0.6,0.0,body+twins,syntactic,f7df4db66078,body+twins_syntactic_t100_a000_f7df4db66078,12,True,0,0,12,0,4083,0,144,1,26,0.870647,CIM+Coop+Cup+CupT+DB+DIM+Def+Dup+EB+OB+Pru+TFT,—,100,1.0
0.6,0.3,body+twins,syntactic,ee207f993047,body+twins_syntactic_t060_a030_ee207f993047,12,True,0,45,5,69,4083,8,80,2,17,0.9801,CIM+Coop+Dup+TFT,CIM+Dup,100,1.0
0.6,0.45,body+twins,syntactic,f3e66e570e00,body+twins_syntactic_t100_a030_f3e66e570e00,12,True,0,44,5,39,4083,6,80,2,17,0.9801,CIM+Coop+Dup+TFT,CIM+Dup,100,1.0
0.6,0.62,body+twins,syntactic,f3e66e570e00,body+twins_syntactic_t100_a030_f3e66e570e00,12,True,0,44,5,39,4083,6,80,2,17,0.9801,CIM+Coop+Dup+TFT,CIM+Dup,100,1.0
0.6,0.8,body+twins,syntactic,98134a3b2b71,body+twins_syntactic_t060_a080_98134a3b2b71,12,True,0,46,3,54,4083,8,64,1,16,0.950249,CIM+Def+Dup+OB+Pru,Def+Pru,100,1.0
0.6,1.0,body+twins,syntactic,9e838945e70a,body+twins_syntactic_t080_a100_9e838945e70a,12,True,0,11,12,0,4083,0,121,1,24,0.905473,CIM+Cup+CupT+DB+DIM+Def+Dup+EB+OB+Pru+TFT,—,100,1.0
0.4,0.0,body+twins,syntactic,f7df4db66078,body+twins_syntactic_t100_a000_f7df4db66078,12,True,0,0,12,0,4083,0,144,1,26,0.870647,CIM+Coop+Cup+CupT+DB+DIM+Def+Dup+EB+OB+Pru+TFT,—,100,1.0
0.4,0.3,body+twins,syntactic,0cdc71d073ec,body+twins_syntactic_t040_a030_0cdc71d073ec,12,True,0,36,5,12,4083,5,52,2,17,0.940299,CIM+Coop+Dup+TFT,CIM+Dup,100,1.0
0.4,0.45,body+twins,syntactic,ee207f993047,body+twins_syntactic_t060_a030_ee207f993047,12,True,0,45,5,69,4083,8,80,2,17,0.9801,CIM+Coop+Dup+TFT,CIM+Dup,100,1.0
0.4,0.62,body+twins,syntactic,1771e29237cf,body+twins_syntactic_t040_a062_1771e29237cf,12,True,0,44,5,22,4083,4,80,2,17,0.945274,CIM+Coop+Dup+TFT,CIM+Dup,100,1.0
0.4,0.8,body+twins,syntactic,e6ab26a6bdb4,body+twins_syntactic_t040_a080_e6ab26a6bdb4,12,True,0,48,4,144,4083,18,81,1,15,0.965174,CIM+Def+Dup+OB+Pru,OB+Pru,100,1.0
0.4,1.0,body+twins,syntactic,9e838945e70a,body+twins_syntactic_t080_a100_9e838945e70a,12,True,0,11,12,0,4083,0,121,1,24,0.905473,CIM+Cup+CupT+DB+DIM+Def+Dup+EB+OB+Pru+TFT,—,100,1.0
0.2,0.0,body+twins,syntactic,f7df4db66078,body+twins_syntactic_t100_a000_f7df4db66078,12,True,0,0,12,0,4083,0,144,1,26,0.870647,CIM+Coop+Cup+CupT+DB+DIM+Def+Dup+EB+OB+Pru+TFT,—,100,1.0
0.2,0.3,body+twins,syntactic,db73ab5819d7,body+twins_syntactic_t020_a030_db73ab5819d7,12,True,0,31,10,1,4083,1,52,2,17,0.920398,CIM+Coop+Dup+TFT,CIM+Dup,100,1.0
0.2,0.45,body+twins,syntactic,7e8d3a416bc4,body+twins_syntactic_t020_a045_7e8d3a416bc4,12,True,0,36,8,3,4083,2,52,2,17,0.915423,CIM+Coop+Dup+TFT,CIM+Dup,100,1.0
0.2,0.62,body+twins,syntactic,fba3d0b8d893,body+twins_syntactic_t020_a062_fba3d0b8d893,12,True,0,49,4,49,4083,6,81,1,17,0.960199,CIM+Def+Dup+OB+Pru,OB+Pru,100,1.0
0.2,0.8,body+twins,syntactic,564b7b36bd0d,body+twins_syntactic_t020_a080_564b7b36bd0d,12,True,0,44,7,15,4083,3,25,1,16,0.960199,CIM+Def+Dup+OB+Pru,CIM+Dup+OB+Pru,100,1.0
0.2,1.0,body+twins,syntactic,9e838945e70a,body+twins_syntactic_t080_a100_9e838945e70a,12,True,0,11,12,0,4083,0,121,1,24,0.905473,CIM+Cup+CupT+DB+DIM+Def+Dup+EB+OB+Pru+TFT,—,100,1.0
0.0,0.0,body+twins,syntactic,f7df4db66078,body+twins_syntactic_t100_a000_f7df4db66078,12,True,0,0,12,0,4083,0,144,1,26,0.870647,CIM+Coop+Cup+CupT+DB+DIM+Def+Dup+EB+OB+Pru+TFT,—,100,1.0
0.0,0.3,body+twins,syntactic,68f53b781581,body+twins_syntactic_t000_a030_68f53b781581,12,True,0,27,12,0,4083,0,9,1,13,1.0,Def+OB+Pru,Def+OB+Pru,100,1.0
0.0,0.45,body+twins,syntactic,596dd0e9580c,body+twins_syntactic_t000_a045_596dd0e9580c,12,True,0,35,12,0,4083,0,25,1,15,0.985075,CIM+Def+Dup+OB+Pru,CIM+Def+Dup+OB+Pru,100,1.0
0.0,0.62,body+twins,syntactic,596dd0e9580c,body+twins_syntactic_t000_a045_596dd0e9580c,12,True,0,35,12,0,4083,0,25,1,15,0.985075,CIM+Def+Dup+OB+Pru,CIM+Def+Dup+OB+Pru,100,1.0
0.0,0.8,body+twins,syntactic,dabbd1a3162d,body+twins_syntactic_t000_a080_dabbd1a3162d,12,True,0,20,12,0,4083,0,100,1,23,0.915423,CIM+Cup+DB+DIM+Def+Dup+EB+OB+Pru+TFT,—,100,1.0
0.0,1.0,body+twins,syntactic,9e838945e70a,body+twins_syntactic_t080_a100_9e838945e70a,12,True,0,11,12,0,4083,0,121,1,24,0.905473,CIM+Cup+CupT+DB+DIM+Def+Dup+EB+OB+Pru+TFT,—,100,1.0
1.0,0.0,body+twins+natives,behavioral,d2be5f067353,body+twins+natives_t100_a000_d2be5f067353,14,True,0,0,14,0,16369,0,196,1,31,0.840796,CIM+Coop+Cup+CupT+DB+DIM+Def+Dup+EB+Max+Min+OB+Pru+TFT,—,100,1.0
1.0,0.3,body+twins+natives,behavioral,6dc149db6632,body+twins+natives_t100_a030_6dc149db6632,14,True,0,54,7,39,16369,6,272,2,17,0.985075,CIM+Coop+Dup+Max+Min+TFT,CIM+Dup+Max+Min,100,1.0
1.0,0.45,body+twins+natives,behavioral,6dc149db6632,body+twins+natives_t100_a030_6dc149db6632,14,True,0,54,7,39,16369,6,272,2,17,0.985075,CIM+Coop+Dup+Max+Min+TFT,CIM+Dup+Max+Min,100,1.0
1.0,0.62,body+twins+natives,behavioral,6dc149db6632,body+twins+natives_t100_a030_6dc149db6632,14,True,0,54,7,39,16369,6,272,2,17,0.985075,CIM+Coop+Dup+Max+Min+TFT,CIM+Dup+Max+Min,100,1.0
1.0,0.8,body+twins+natives,behavioral,6dc149db6632,body+twins+natives_t100_a030_6dc149db6632,14,True,0,54,7,39,16369,6,272,2,17,0.985075,CIM+Coop+Dup+Max+Min+TFT,CIM+Dup+Max+Min,100,1.0
1.0,1.0,body+twins+natives,behavioral,6dc149db6632,body+twins+natives_t100_a030_6dc149db6632,14,True,0,54,7,39,16369,6,272,2,17,0.985075,CIM+Coop+Dup+Max+Min+TFT,CIM+Dup+Max+Min,100,1.0
0.8,0.0,body+twins+natives,behavioral,d2be5f067353,body+twins+natives_t100_a000_d2be5f067353,14,True,0,0,14,0,16369,0,196,1,31,0.840796,CIM+Coop+Cup+CupT+DB+DIM+Def+Dup+EB+Max+Min+OB+Pru+TFT,—,100,1.0
0.8,0.3,body+twins+natives,behavioral,b0781aac0b37,body+twins+natives_t080_a030_b0781aac0b37,14,True,0,64,3,255,16369,8,36,1,17,0.955224,Def+Max+OB+Pru,Def+Pru+TFT,100,1.0
0.8,0.45,body+twins+natives,behavioral,b0781aac0b37,body+twins+natives_t080_a030_b0781aac0b37,14,True,0,64,3,255,16369,8,36,1,17,0.955224,Def+Max+OB+Pru,Def+Pru+TFT,100,1.0
0.8,0.62,body+twins+natives,behavioral,9a8ce6b51813,body+twins+natives_t080_a062_9a8ce6b51813,14,True,0,56,3,255,16369,8,40,2,17,0.950249,Def+Max+OB+Pru,Max+TFT,100,1.0
0.8,0.8,body+twins+natives,behavioral,9a8ce6b51813,body+twins+natives_t080_a062_9a8ce6b51813,14,True,0,56,3,255,16369,8,40,2,17,0.950249,Def+Max+OB+Pru,Max+TFT,100,1.0
0.8,1.0,body+twins+natives,behavioral,01e563a4396d,body+twins+natives_t080_a100_01e563a4396d,14,True,0,23,14,0,16369,0,121,1,25,0.865672,CIM+Cup+DIM+Def+Dup+EB+Max+Min+OB+Pru+TFT,Def+OB+Pru,100,1.0
0.6,0.0,body+twins+natives,behavioral,d2be5f067353,body+twins+natives_t100_a000_d2be5f067353,14,True,0,0,14,0,16369,0,196,1,31,0.840796,CIM+Coop+Cup+CupT+DB+DIM+Def+Dup+EB+Max+Min+OB+Pru+TFT,—,100,1.0
0.6,0.3,body+twins+natives,behavioral,72a1f9b42042,body+twins+natives_t060_a030_72a1f9b42042,14,True,0,63,3,369,16369,10,36,1,17,0.945274,Def+Max+OB+Pru,Def+Pru+TFT,100,1.0
0.6,0.45,body+twins+natives,behavioral,b0781aac0b37,body+twins+natives_t080_a030_b0781aac0b37,14,True,0,64,3,255,16369,8,36,1,17,0.955224,Def+Max+OB+Pru,Def+Pru+TFT,100,1.0
0.6,0.62,body+twins+natives,behavioral,9a8ce6b51813,body+twins+natives_t080_a062_9a8ce6b51813,14,True,0,56,3,255,16369,8,40,2,17,0.950249,Def+Max+OB+Pru,Max+TFT,100,1.0
0.6,0.8,body+twins+natives,behavioral,f93ea72b4a56,body+twins+natives_t060_a080_f93ea72b4a56,14,True,0,59,8,65,16369,11,33,2,14,1.0,TFT,TFT,100,1.0
0.6,1.0,body+twins+natives,behavioral,28ca9e478fb9,body+twins+natives_t060_a100_28ca9e478fb9,14,True,0,13,14,0,16369,0,169,1,28,0.855721,CIM+Cup+CupT+DB+DIM+Def+Dup+EB+Max+Min+OB+Pru+TFT,—,100,1.0
0.4,0.0,body+twins+natives,behavioral,d2be5f067353,body+twins+natives_t100_a000_d2be5f067353,14,True,0,0,14,0,16369,0,196,1,31,0.840796,CIM+Coop+Cup+CupT+DB+DIM+Def+Dup+EB+Max+Min+OB+Pru+TFT,—,100,1.0
0.4,0.3,body+twins+natives,behavioral,f39097b39f8a,body+twins+natives_t040_a030_f39097b39f8a,14,True,0,55,6,53,16369,6,36,1,17,0.970149,Def+Max+OB+Pru,Def+Pru+TFT,100,1.0
0.4,0.45,body+twins+natives,behavioral,72a1f9b42042,body+twins+natives_t060_a030_72a1f9b42042,14,True,0,63,3,369,16369,10,36,1,17,0.945274,Def+Max+OB+Pru,Def+Pru+TFT,100,1.0
0.4,0.62,body+twins+natives,behavioral,0d7eb635b640,body+twins+natives_t040_a062_0d7eb635b640,14,True,0,58,7,39,16369,6,36,1,21,0.497512,Def+Max+OB+Pru,Max,100,1.0
0.4,0.8,body+twins+natives,behavioral,a711576af05a,body+twins+natives_t040_a080_a711576af05a,14,True,0,56,12,2,16369,2,16,1,21,0.467662,Def+Max+OB+Pru,Max,100,1.0
0.4,1.0,body+twins+natives,behavioral,28ca9e478fb9,body+twins+natives_t060_a100_28ca9e478fb9,14,True,0,13,14,0,16369,0,169,1,28,0.855721,CIM+Cup+CupT+DB+DIM+Def+Dup+EB+Max+Min+OB+Pru+TFT,—,100,1.0
0.2,0.0,body+twins+natives,behavioral,d2be5f067353,body+twins+natives_t100_a000_d2be5f067353,14,True,0,0,14,0,16369,0,196,1,31,0.840796,CIM+Coop+Cup+CupT+DB+DIM+Def+Dup+EB+Max+Min+OB+Pru+TFT,—,100,1.0
0.2,0.3,body+twins+natives,behavioral,5ea2e8c4841d,body+twins+natives_t020_a030_5ea2e8c4841d,14,True,0,38,10,2,16369,0,64,1,17,0.99005,Def+Max+OB+Pru,Def+Max+Pru,100,1.0
0.2,0.45,body+twins+natives,behavioral,63f32f623a38,body+twins+natives_t020_a045_63f32f623a38,14,True,0,47,11,2,16369,2,36,1,21,0.791045,Def+Max+OB+Pru,Max,100,1.0
0.2,0.62,body+twins+natives,behavioral,e129ca2434ac,body+twins+natives_t020_a062_e129ca2434ac,14,True,0,66,10,6,16369,2,16,1,20,0.791045,Def+Max+OB+Pru,Max,100,1.0
0.2,0.8,body+twins+natives,behavioral,c0004e05b196,body+twins+natives_t020_a080_c0004e05b196,14,True,0,55,13,1,16369,1,36,1,21,0.890547,CIM+Def+Dup+Max+OB+Pru,CIM+Dup+Max,100,1.0
0.2,1.0,body+twins+natives,behavioral,28ca9e478fb9,body+twins+natives_t060_a100_28ca9e478fb9,14,True,0,13,14,0,16369,0,169,1,28,0.855721,CIM+Cup+CupT+DB+DIM+Def+Dup+EB+Max+Min+OB+Pru+TFT,—,100,1.0
0.0,0.0,body+twins+natives,behavioral,d2be5f067353,body+twins+natives_t100_a000_d2be5f067353,14,True,0,0,14,0,16369,0,196,1,31,0.840796,CIM+Coop+Cup+CupT+DB+DIM+Def+Dup+EB+Max+Min+OB+Pru+TFT,—,100,1.0
0.0,0.3,body+twins+natives,behavioral,1a1aec1164b4,body+twins+natives_t000_a030_1a1aec1164b4,14,True,0,40,14,0,16369,0,16,1,17,0.99005,Def+Max+OB+Pru,Def+Max+OB+Pru,100,1.0
0.0,0.45,body+twins+natives,behavioral,30393625b4e5,body+twins+natives_t000_a045_30393625b4e5,14,True,0,48,14,0,16369,0,36,1,19,0.975124,CIM+Def+Dup+Max+OB+Pru,CIM+Def+Dup+Max+OB+Pru,100,1.0
0.0,0.62,body+twins+natives,behavioral,30393625b4e5,body+twins+natives_t000_a045_30393625b4e5,14,True,0,48,14,0,16369,0,36,1,19,0.975124,CIM+Def+Dup+Max+OB+Pru,CIM+Def+Dup+Max+OB+Pru,100,1.0
0.0,0.8,body+twins+natives,behavioral,c2b7c4a9bd2f,body+twins+natives_t000_a080_c2b7c4a9bd2f,14,True,0,33,14,0,16369,0,121,1,25,0.905473,CIM+Cup+DB+DIM+Def+Dup+EB+Max+OB+Pru+TFT,—,100,1.0
0.0,1.0,body+twins+natives,behavioral,28ca9e478fb9,body+twins+natives_t060_a100_28ca9e478fb9,14,True,0,13,14,0,16369,0,169,1,28,0.855721,CIM+Cup+CupT+DB+DIM+Def+Dup+EB+Max+Min+OB+Pru+TFT,—,100,1.0
1.0,0.0,body+twins+natives,epsilon,d2be5f067353,body+twins+natives_epsilon_t100_a000_d2be5f067353,14,True,0,0,14,0,16369,0,196,1,31,0.840796,CIM+Coop+Cup+CupT+DB+DIM+Def+Dup+EB+Max+Min+OB+Pru+TFT,—,100,1.0
1.0,0.3,body+twins+natives,epsilon,6dc149db6632,body+twins+natives_epsilon_t100_a030_6dc149db6632,14,True,0,54,7,39,16369,6,272,2,17,0.985075,CIM+Coop+Dup+Max+Min+TFT,CIM+Dup+Max+Min,100,1.0
1.0,0.45,body+twins+natives,epsilon,6dc149db6632,body+twins+natives_epsilon_t100_a030_6dc149db6632,14,True,0,54,7,39,16369,6,272,2,17,0.985075,CIM+Coop+Dup+Max+Min+TFT,CIM+Dup+Max+Min,100,1.0
1.0,0.62,body+twins+natives,epsilon,6dc149db6632,body+twins+natives_epsilon_t100_a030_6dc149db6632,14,True,0,54,7,39,16369,6,272,2,17,0.985075,CIM+Coop+Dup+Max+Min+TFT,CIM+Dup+Max+Min,100,1.0
1.0,0.8,body+twins+natives,epsilon,6dc149db6632,body+twins+natives_epsilon_t100_a030_6dc149db6632,14,True,0,54,7,39,16369,6,272,2,17,0.985075,CIM+Coop+Dup+Max+Min+TFT,CIM+Dup+Max+Min,100,1.0
1.0,1.0,body+twins+natives,epsilon,6dc149db6632,body+twins+natives_epsilon_t100_a030_6dc149db6632,14,True,0,54,7,39,16369,6,272,2,17,0.985075,CIM+Coop+Dup+Max+Min+TFT,CIM+Dup+Max+Min,100,1.0
0.8,0.0,body+twins+natives,epsilon,d2be5f067353,body+twins+natives_epsilon_t100_a000_d2be5f067353,14,True,0,0,14,0,16369,0,196,1,31,0.840796,CIM+Coop+Cup+CupT+DB+DIM+Def+Dup+EB+Max+Min+OB+Pru+TFT,—,100,1.0
0.8,0.3,body+twins+natives,epsilon,6dc149db6632,body+twins+natives_epsilon_t100_a030_6dc149db6632,14,True,0,54,7,39,16369,6,272,2,17,0.985075,CIM+Coop+Dup+Max+Min+TFT,CIM+Dup+Max+Min,100,1.0
0.8,0.45,body+twins+natives,epsilon,6dc149db6632,body+twins+natives_epsilon_t100_a030_6dc149db6632,14,True,0,54,7,39,16369,6,272,2,17,0.985075,CIM+Coop+Dup+Max+Min+TFT,CIM+Dup+Max+Min,100,1.0
0.8,0.62,body+twins+natives,epsilon,6dc149db6632,body+twins+natives_epsilon_t100_a030_6dc149db6632,14,True,0,54,7,39,16369,6,272,2,17,0.985075,CIM+Coop+Dup+Max+Min+TFT,CIM+Dup+Max+Min,100,1.0
0.8,0.8,body+twins+natives,epsilon,6dc149db6632,body+twins+natives_epsilon_t100_a030_6dc149db6632,14,True,0,54,7,39,16369,6,272,2,17,0.985075,CIM+Coop+Dup+Max+Min+TFT,CIM+Dup+Max+Min,100,1.0
0.8,1.0,body+twins+natives,epsilon,28ca9e478fb9,body+twins+natives_epsilon_t080_a100_28ca9e478fb9,14,True,0,13,14,0,16369,0,169,1,28,0.855721,CIM+Cup+CupT+DB+DIM+Def+Dup+EB+Max+Min+OB+Pru+TFT,—,100,1.0
0.6,0.0,body+twins+natives,epsilon,d2be5f067353,body+twins+natives_epsilon_t100_a000_d2be5f067353,14,True,0,0,14,0,16369,0,196,1,31,0.840796,CIM+Coop+Cup+CupT+DB+DIM+Def+Dup+EB+Max+Min+OB+Pru+TFT,—,100,1.0
0.6,0.3,body+twins+natives,epsilon,6dc149db6632,body+twins+natives_epsilon_t100_a030_6dc149db6632,14,True,0,54,7,39,16369,6,272,2,17,0.985075,CIM+Coop+Dup+Max+Min+TFT,CIM+Dup+Max+Min,100,1.0
0.6,0.45,body+twins+natives,epsilon,6dc149db6632,body+twins+natives_epsilon_t100_a030_6dc149db6632,14,True,0,54,7,39,16369,6,272,2,17,0.985075,CIM+Coop+Dup+Max+Min+TFT,CIM+Dup+Max+Min,100,1.0
0.6,0.62,body+twins+natives,epsilon,6dc149db6632,body+twins+natives_epsilon_t100_a030_6dc149db6632,14,True,0,54,7,39,16369,6,272,2,17,0.985075,CIM+Coop+Dup+Max+Min+TFT,CIM+Dup+Max+Min,100,1.0
0.6,0.8,body+twins+natives,epsilon,2e5b71550b3d,body+twins+natives_epsilon_t060_a080_2e5b71550b3d,14,True,0,59,7,39,16369,6,36,1,21,0.61194,Def+Max+OB+Pru,Max,100,1.0
0.6,1.0,body+twins+natives,epsilon,28ca9e478fb9,body+twins+natives_epsilon_t080_a100_28ca9e478fb9,14,True,0,13,14,0,16369,0,169,1,28,0.855721,CIM+Cup+CupT+DB+DIM+Def+Dup+EB+Max+Min+OB+Pru+TFT,—,100,1.0
0.4,0.0,body+twins+natives,epsilon,d2be5f067353,body+twins+natives_epsilon_t100_a000_d2be5f067353,14,True,0,0,14,0,16369,0,196,1,31,0.840796,CIM+Coop+Cup+CupT+DB+DIM+Def+Dup+EB+Max+Min+OB+Pru+TFT,—,100,1.0
0.4,0.3,body+twins+natives,epsilon,e8c4a57c4e5d,body+twins+natives_epsilon_t040_a030_e8c4a57c4e5d,14,True,0,47,7,15,16369,3,241,2,17,0.950249,CIM+Coop+Dup+Max+Min+TFT,CIM+Dup+Max,100,1.0
0.4,0.45,body+twins+natives,epsilon,6dc149db6632,body+twins+natives_epsilon_t100_a030_6dc149db6632,14,True,0,54,7,39,16369,6,272,2,17,0.985075,CIM+Coop+Dup+Max+Min+TFT,CIM+Dup+Max+Min,100,1.0
0.4,0.62,body+twins+natives,epsilon,6dc149db6632,body+twins+natives_epsilon_t100_a030_6dc149db6632,14,True,0,54,7,39,16369,6,272,2,17,0.985075,CIM+Coop+Dup+Max+Min+TFT,CIM+Dup+Max+Min,100,1.0
0.4,0.8,body+twins+natives,epsilon,b3215a5e65eb,body+twins+natives_epsilon_t040_a080_b3215a5e65eb,14,True,0,63,10,5,16369,2,36,1,19,0.935323,CIM+Def+Dup+Max+OB+Pru,CIM+Dup+Max,100,1.0
0.4,1.0,body+twins+natives,epsilon,28ca9e478fb9,body+twins+natives_epsilon_t080_a100_28ca9e478fb9,14,True,0,13,14,0,16369,0,169,1,28,0.855721,CIM+Cup+CupT+DB+DIM+Def+Dup+EB+Max+Min+OB+Pru+TFT,—,100,1.0
0.2,0.0,body+twins+natives,epsilon,d2be5f067353,body+twins+natives_epsilon_t100_a000_d2be5f067353,14,True,0,0,14,0,16369,0,196,1,31,0.840796,CIM+Coop+Cup+CupT+DB+DIM+Def+Dup+EB+Max+Min+OB+Pru+TFT,—,100,1.0
0.2,0.3,body+twins+natives,epsilon,5133d3155119,body+twins+natives_epsilon_t020_a030_5133d3155119,14,True,0,39,14,0,16369,0,160,2,19,0.930348,CIM+Coop+Dup+Max+Min+TFT,CIM+Dup+Max,100,1.0
0.2,0.45,body+twins+natives,epsilon,ac0f8dda988b,body+twins+natives_epsilon_t020_a045_ac0f8dda988b,14,True,0,52,7,15,16369,3,36,1,20,0.80597,Def+Max+OB+Pru,Max,100,1.0
0.2,0.62,body+twins+natives,epsilon,13bceaab1f68,body+twins+natives_epsilon_t020_a062_13bceaab1f68,14,True,0,59,10,5,16369,2,16,1,21,0.60199,Def+Max+OB+Pru,Max,100,1.0
0.2,0.8,body+twins+natives,epsilon,b3215a5e65eb,body+twins+natives_epsilon_t040_a080_b3215a5e65eb,14,True,0,63,10,5,16369,2,36,1,19,0.935323,CIM+Def+Dup+Max+OB+Pru,CIM+Dup+Max,100,1.0
0.2,1.0,body+twins+natives,epsilon,28ca9e478fb9,body+twins+natives_epsilon_t080_a100_28ca9e478fb9,14,True,0,13,14,0,16369,0,169,1,28,0.855721,CIM+Cup+CupT+DB+DIM+Def+Dup+EB+Max+Min+OB+Pru+TFT,—,100,1.0
0.0,0.0,body+twins+natives,epsilon,d2be5f067353,body+twins+natives_epsilon_t100_a000_d2be5f067353,14,True,0,0,14,0,16369,0,196,1,31,0.840796,CIM+Coop+Cup+CupT+DB+DIM+Def+Dup+EB+Max+Min+OB+Pru+TFT,—,100,1.0
0.0,0.3,body+twins+natives,epsilon,1a1aec1164b4,body+twins+natives_epsilon_t000_a030_1a1aec1164b4,14,True,0,40,14,0,16369,0,16,1,17,0.99005,Def+Max+OB+Pru,Def+Max+OB+Pru,100,1.0
0.0,0.45,body+twins+natives,epsilon,30393625b4e5,body+twins+natives_epsilon_t000_a045_30393625b4e5,14,True,0,48,14,0,16369,0,36,1,19,0.975124,CIM+Def+Dup+Max+OB+Pru,CIM+Def+Dup+Max+OB+Pru,100,1.0
0.0,0.62,body+twins+natives,epsilon,30393625b4e5,body+twins+natives_epsilon_t000_a045_30393625b4e5,14,True,0,48,14,0,16369,0,36,1,19,0.975124,CIM+Def+Dup+Max+OB+Pru,CIM+Def+Dup+Max+OB+Pru,100,1.0
0.0,0.8,body+twins+natives,epsilon,c2b7c4a9bd2f,body+twins+natives_epsilon_t000_a080_c2b7c4a9bd2f,14,True,0,33,14,0,16369,0,121,1,25,0.905473,CIM+Cup+DB+DIM+Def+Dup+EB+Max+OB+Pru+TFT,—,100,1.0
0.0,1.0,body+twins+natives,epsilon,28ca9e478fb9,body+twins+natives_epsilon_t080_a100_28ca9e478fb9,14,True,0,13,14,0,16369,0,169,1,28,0.855721,CIM+Cup+CupT+DB+DIM+Def+Dup+EB+Max+Min+OB+Pru+TFT,—,100,1.0
